playlist_id,playlist_name,total_tracks
6UNXboNDkLoBQlsVS7cobD,Venezuela Top 100,318
2T5poy0AuBj6gsCDuqiTZR,Hottest 100 Every top 10,280
6LB7t36wMp5232iIdVMxoK,Techhouse Beatport TOP 100,226
6vE94FSvlCEjESLu7Ejsrb,New Age Piano Top 100,224
2sp5FU3aNbRaKJnMiUmlri,top 100 clean,211
7Gej0VK5TJ4hPxxJrZ8a51,Dance 90s Top 100 ,168
3hRrX6oWktgVmbx5j2fMjd,Top 100 CHarts 2012,160
712ghluD3aXHdMNONbNqcW,Charts März 2019  TOP Hits 100  Neuerscheinungen,158
2ossFzFaSZVCK0VD3y0VOz,Kleinkunst top 100,155
4JkkvMpVl4lSioqQjeAL0q,2019 Hits  Top 100 Global,146
1lfFM75fgU75brJdwm27zC,Cuban Salsa Top 100,139
3g2f1BCNMxtK7vAPtn1O9j,Colombian Salsa Top 100,134
5Dy0JXCbGPQHQmgTkaT8s7,Global Top 50  Top 50 Global,126
3jIKgnHwWIg4xGaG5o4V1d,Canada Top 50  Top 50 Canada,125
4yxpC1coifKKKBT532zcDb,Norway Top 50  Top 50 Norway  Norges Topp 50  TOPP 40  Norske Hits,124
2z0xGu5mlOmMyv0z9vFzHc,Rock Top 100 Veronica,123
3vq9mVn8pbclEAilqGBpeN,1969 Billboard Top 100,122
4R4puKReh7dDwIpsGNHrXi,Australia Top 50  Top 50 Australia  Triple J Hottest 100 2019  Australia Day 2019,121
4n73IOcoFlkg1vVcXTLpTC,Colombia Top 50  Top 50 Colombia  Exitos Colombia  Top 50 Columbia,121
65GTUYlY3JCGhqCCP64cmR,Top 100 Spotifys Most Played,116
3W8sIVX1FigsYLh4344d8R,90s Country Top 100,116
78IK6mkyLgvQYwtAkmggYT,Italy Top 50  Top 50 Italy,115
4W7jnrqeKfVEnb1BVHMG5b,Beatport Top 100,113
68kJ4ASW7AWdDKMiC3C7mC,Sertanejo 2019 Março  TOP 100 Músicas Sertanejas Mais Tocadas Sucessos Sertanejos 2019,113
6AihpQrTXtgDnkcQwLfxYb,2013 Billboard Top 100,112
2m24YnxgpViLSN0HHKVF3w,Nederpop Top 100,111
4e36iSHdNaSDaIfOKmCvXd,2019 HITS VIRAL   Best Hits 2019  Top Global Songs,110
3PctCz24hOgHZZeZ9qbOB5,Triple J Hottest 100 2019  Australia Top 100  Top 100 Australia,104
6TJtYZm7f40ed3xLBHN0p2,TOP 100 BRASIL by HUGO GLOSS,104
58tYZLFxvWZbfSJK61uXpn,DANCECHARTS  TOP 100 official,103
0mRjR2BkcysxNvVDGVRDf2,Hardstyle remixes of popular songs  TOP 100,103
7GN1ulgzXBWpn5VADARkNd,1983  Billboard Top 100,102
0B04BVAsRdNkrC9QnXmQSA,Edited Billboard Top 100,102
04pgcLkHeElPN6MSrQ33Bd,QDANCE TOP 100 2018,101
6kkRZGrZIkDm7lxILHGrFb,SEXTOU  TOP 100  Sertanejo 2019,101
1XsZL3GuGENnUr6d0HKKhB,Knuffelrock top 100,101
3eNKBpYXA6dvARYXGIAIlr,BALKAN HITOVI 2019  TOP 100 HITS,101
35fE19s3WMHWw5JWFrSUCw,Andre Hazes top 100,101
5aHawERps0AMmMLU1KHvv6,Spinnin Records Top 100,101
2Lhti7ROHkbOTCidpVAqvD,Romanian TOP 100,101
7A1EbS3Zux6zhXyeSpHEx9,1994  Billboard Top 100,100
1LCUqaG3ZbFnpJweV1lrj1,1988  Billboard Top 100,100
3PCZEuLpGKpsEHeaQ6cKEN,Armada Music Top 100  Miami 2019,100
1PGfIx39B5FnyHa1B9zEST,1984  Billboard Top 100,100
3fniVM8pbMq8jcR23aVIY8,1987  Billboard Top 100,100
0zVXOEy4SMnDT5yc7Hvvez,German Top 100  Deutsche Top 100 Charts Woche 13  29032019,100
0YDFbc4HqAZPW3TE9jQplP,RB 2000  2010 Top 100,100
1h9yS4rsQJTg3NxII7IHAH,Sensual Musique Top 100,100
2ZD2ZMLJWTcsOqEIiLGRuE,TOP 100 by HUGO GLOSS,100
0B2bjiQkVcIHXXgqFb1k7T,QDance  Hardstyle Top 100  2018,100
0p6VwHqAZNV9xw5HuIKHJd,1992  Billboard Top 100,100
6wWQ3S5cD5UoxvlPjRoKDN,Norway Top 100 Topsify,100
37i9dQZF1DXcN1fAVSf7CR,Top Classical of 2017,100
1dCiEGLqzhftWmUxljhLe6,Trap Nation Top 100 ,100
7z88vhcq1qdT9eeH9xfNSq,Nederhop Top 100 Allertijden,100
4bp9s6sOdrlITm10wdn2w7,Opwekking Top 100 Editie 2017,100
6TGxmQCgNUC3Q4OvmFO3Sd,Top Hits 2019  Charts 2019  Global Top 100 Hits,100
4Bmw1g1Hl3k3pdfjM8zhwE,Top 100 DJs,100
7fGtXiE8qbQzqEisHw5CLS,1985  Billboard Top 100,100
0WrqPR7s1X73LBJiW2eRWC,Funk 2019  Melhores Funks 2019,100
62xZG2uvN2pMzOrvpwvPRH,Top 100  Single Charts DeutschlandGermany,100
7DpulgPYGEZiKBMtpr6cRm,Klara Top 100  2018,100
5V1kUuaJA82uZ2zO0RqpIp,Club Techno Top 100,100
4f0aShTaMRdUkKL0OFJQ9O,bilboard top 100 US,100
4hMcqod7ERKJ9mtjgdimeV,Top Songs 2019   2018   Top 100 Global HITS Charts 2019  wish you were gay Billie Ellish,100
1wjDxaLA5GGdhmt2F6TJOg,90s Top 100,100
3By7AuSSloIQvnkDeNowcs,Armin van Buuren Top 100,100
35wZqszdyXNFCAztyLWlgT,1993  Billboard Top 100,100
6cW823zCbsre0iMy2zTL7K,Opwekking Top 100 Editie 2018,100
5GvvoTuWES52HHaMfKHjT8,TYPICA Top 100 Japan,100
69sctJ0acuqqO1dAjcSdBj,80s Country Top 100,100
1bk6tO6d5oes6n0vhACi5x,1982  Billboard Top 100,99
2ncHRikVRNuiJzNcDuA7P8,Italy Top 100,99
61FusglQju0yXpz3v7nYd5,1991  Billboard Top 100,99
4TVjZCfWlhsKqhyCuvGdcs,Top 100 Indie Release Charts,99
7lCBiPiyJyxS2mBbntX1EM,Top 100 DeutschlandGermany Single Charts,99
38KngtbWE1PROJhtUFKBgi,Island Beats  Top 100,99
4rhgAIno9OiopUzNhOZDbc,1986  Billboard Top 100,99
0VbepbTmRs98NrfIvZfQhl,TOP 100 de JACOBO WONG,98
6taan6n01bwB2B7EtN9KYI,1989  Billboard Top 100,98
794tEP1QrKMcaQcFmEyFst,SLAM Dance 1000 Top 100,98
3q11HNPXfDMhjsvp2fuL2R,World Top 100,98
6kbzPEHj3uMPRFsR3v6xzE,Melon Top 100,97
22yvEH3dDGIZPdORyJVBK0,FunX Zomer Top 100  2018,97
0CkcVeAnofP88gA2X1IUlM,Melon TOP 100,96
7hOgnF0rg6HS6tMuEj5svm,Masters of Hardcore Top 100 2018 MOH Top 100,95
7klF0SGJj1ZiJ7Fdg7vZYo,Awakenings top 100,91
1gHqCXiDtwaUJrvXWPKs7v,QMusic Foute Top 100,88
4BXzd9AIbaRVtVadX7vz43,Franse HITS top 100,86
4SkVxOiFLD4xBJ5piSPNYj,Tijdloze Top 100 StuBru,83
37mpvFiKXaOitjNemF2GEb,Top 100,83
5OjKuAM7CNcxOYg3prGnXw,Finland Top 100,74
5VahCJ1ukFlqLh0Upq66ww,Sweden Top 100,73
1gnorAt45YzDID7Icf98Jn,Top 100 USA,72
5ZOgTMITmd6aAUbgH54tGk,Denmark Top 100,72
4xn677Ds5WBdbaaCOVeZD9,United States Top 100,65
30msj1H4u2eIoN5rpnbs45,Iceland Top 100,62
7uswjN3fK2rpNzfCsD9Pep,Finland Top 50  Top 50 Finland  Suomi Top 50  Top 50 Suomi,61
4Hbq8z7KWYVJtQQDVmN0Kf,Top 100,59
3xMQTDLOIGvj3lWH5e5x6F,Charts 2019  Top 50 Global,50
